<keymap version="1" name="Eclipse (Mac OS X) copy" parent="Eclipse (Mac OS X)">
  <action id="ActivateTerminalToolWindow">
    <keyboard-shortcut first-keystroke="meta t" />
  </action>
  <action id="AutoIndentLines" />
  <action id="Back">
    <keyboard-shortcut first-keystroke="meta open_bracket" />
  </action>
  <action id="CodeCompletion">
    <keyboard-shortcut first-keystroke="meta j" />
  </action>
  <action id="CompareTwoFiles" />
  <action id="Debug">
    <keyboard-shortcut first-keystroke="meta quote" />
  </action>
  <action id="Diff.ShowDiff" />
  <action id="DuplicatesForm.SendToRight" />
  <action id="EditorDeleteLine">
    <keyboard-shortcut first-keystroke="meta i" />
  </action>
  <action id="EditorDuplicate">
    <keyboard-shortcut first-keystroke="meta d" />
  </action>
  <action id="EditorSelectLine">
    <keyboard-shortcut first-keystroke="meta l" />
  </action>
  <action id="ExpandLiveTemplateCustom">
    <keyboard-shortcut first-keystroke="tab" />
  </action>
  <action id="FileChooser.GotoDesktop" />
  <action id="FileChooser.GotoProject" />
  <action id="Find">
    <keyboard-shortcut first-keystroke="meta h" />
    <keyboard-shortcut first-keystroke="meta f" />
  </action>
  <action id="FindUsages" />
  <action id="Forward">
    <keyboard-shortcut first-keystroke="meta close_bracket" />
    <mouse-shortcut keystroke="button5" />
    <keyboard-shortcut first-keystroke="ctrl meta right" />
  </action>
  <action id="GotoDeclaration">
    <keyboard-shortcut first-keystroke="f3" />
    <mouse-shortcut keystroke="meta button1" />
  </action>
  <action id="GotoLine" />
  <action id="HelloPopupAction">
    <keyboard-shortcut first-keystroke="shift ctrl alt p" />
  </action>
  <action id="HelloWorldAction">
    <keyboard-shortcut first-keystroke="shift alt h" />
  </action>
  <action id="Images.Editor.ToggleGrid" />
  <action id="IncrementalSearch" />
  <action id="NewElement">
    <keyboard-shortcut first-keystroke="meta n" />
  </action>
  <action id="Run">
    <keyboard-shortcut first-keystroke="meta back_slash" />
  </action>
  <action id="RunToCursor" />
  <action id="SendEOF" />
  <action id="ShelvedChanges.Diff" />
  <action id="SwitchApply">
    <keyboard-shortcut first-keystroke="ctrl alt enter" />
  </action>
  <action id="SwitchDown">
    <keyboard-shortcut first-keystroke="ctrl alt down" />
  </action>
  <action id="SwitchLeft">
    <keyboard-shortcut first-keystroke="ctrl alt left" />
  </action>
  <action id="SwitchRight">
    <keyboard-shortcut first-keystroke="ctrl alt right" />
  </action>
  <action id="SwitchUp">
    <keyboard-shortcut first-keystroke="ctrl alt up" />
  </action>
  <action id="SynchronizeCurrentFile">
    <keyboard-shortcut first-keystroke="meta r" />
  </action>
  <action id="Vcs.Log.FocusTextFilter" />
</keymap>